<?xml version="1.0" encoding="UTF-8"?>
<project-private xmlns="http://www.netbeans.org/ns/project-private/1">
    <editor-bookmarks xmlns="http://www.netbeans.org/ns/editor-bookmarks/2" lastBookmarkId="1">
        <file>
            <url>src/Gui/CustomerGui.java</url>
            <bookmark id="1">
                <name/>
                <line>293</line>
                <key/>
            </bookmark>
        </file>
    </editor-bookmarks>
    <open-files xmlns="http://www.netbeans.org/ns/projectui-open-files/2">
        <group>
            <file>file:/D:/Higher%20Education/USJP/1y/Computer%20Science/ABCcompany/src/Gui/BookingGui.java</file>
            <file>file:/D:/Higher%20Education/USJP/1y/Computer%20Science/ABCcompany/src/Controller/BookingController.java</file>
            <file>file:/D:/Higher%20Education/USJP/1y/Computer%20Science/ABCcompany/src/Model/Booking.java</file>
            <file>file:/D:/Higher%20Education/USJP/1y/Computer%20Science/ABCcompany/src/Gui/PaymentGui.java</file>
            <file>file:/D:/Higher%20Education/USJP/1y/Computer%20Science/ABCcompany/src/Gui/RecieptGui.java</file>
            <file>file:/D:/Higher%20Education/USJP/1y/Computer%20Science/ABCcompany/src/Gui/CustomerG.java</file>
        </group>
    </open-files>
</project-private>
